flight_id,airline_id,depart_airport,depart_location,destin_airport,destin_location,departure_time,arrival_time,duration,price
1,7,TGL,411,MSQ,440,2022-01-01 00:00:00,2022-01-01 05:00:00,0 days 04:00:00,657.9899706270476
2,10,WHT,453,SSI,366,2022-01-01 01:00:00,2022-01-01 06:00:00,0 days 12:00:00,229.54319773352773
3,2,MBS,15,UBH,314,2022-01-01 02:00:00,2022-01-01 07:00:00,0 days 03:00:00,918.8306406072395
4,8,YMY,78,PFH,229,2022-01-01 03:00:00,2022-01-01 08:00:00,0 days 05:00:00,921.7806283048407
5,5,NUQ,528,LJI,443,2022-01-01 04:00:00,2022-01-01 09:00:00,0 days 03:00:00,990.7766977415569
6,5,ORQ,103,QRG,339,2022-01-01 05:00:00,2022-01-01 10:00:00,0 days 02:00:00,355.3226433350686
7,8,WVZ,549,WSJ,491,2022-01-01 06:00:00,2022-01-01 11:00:00,0 days 13:00:00,721.6162294856068
8,7,WUI,523,DOD,281,2022-01-01 07:00:00,2022-01-01 12:00:00,0 days 09:00:00,57.337827735592924
9,5,QIY,577,HUX,449,2022-01-01 08:00:00,2022-01-01 13:00:00,0 days 12:00:00,679.633424728453
10,7,GNY,97,MMG,408,2022-01-01 09:00:00,2022-01-01 14:00:00,0 days 06:00:00,458.0647026247406
11,7,PYH,128,ZOW,566,2022-01-01 10:00:00,2022-01-01 15:00:00,0 days 03:00:00,538.1672891307887
12,10,ZMK,253,XSU,494,2022-01-01 11:00:00,2022-01-01 16:00:00,0 days 04:00:00,245.29164986486276
13,7,UAQ,489,YCE,444,2022-01-01 12:00:00,2022-01-01 17:00:00,0 days 06:00:00,152.65686435208744
14,1,UXG,5,KBK,271,2022-01-01 13:00:00,2022-01-01 18:00:00,0 days 07:00:00,848.0686836570325
15,6,FZA,186,EOM,351,2022-01-01 14:00:00,2022-01-01 19:00:00,0 days 03:00:00,793.3717953412535
16,8,OZJ,100,FQS,246,2022-01-01 15:00:00,2022-01-01 20:00:00,0 days 14:00:00,654.7353975839249
17,2,UFS,520,PGR,249,2022-01-01 16:00:00,2022-01-01 21:00:00,0 days 13:00:00,466.44904031471896
18,5,ERE,209,VHE,344,2022-01-01 17:00:00,2022-01-01 22:00:00,0 days 10:00:00,259.1054091249847
19,2,XMX,336,TMF,89,2022-01-01 18:00:00,2022-01-01 23:00:00,0 days 12:00:00,785.7004591293293
20,1,BWB,5,MQN,416,2022-01-01 19:00:00,2022-01-02 00:00:00,0 days 09:00:00,768.1134860125961
21,3,FRF,138,YOF,238,2022-01-01 20:00:00,2022-01-02 01:00:00,0 days 01:00:00,377.53475294574923
22,1,AYH,571,OIU,414,2022-01-01 21:00:00,2022-01-02 02:00:00,0 days 13:00:00,838.9675740161783
23,2,RFG,460,DJP,49,2022-01-01 22:00:00,2022-01-02 03:00:00,0 days 03:00:00,346.951663188318
24,4,HZS,446,EMD,402,2022-01-01 23:00:00,2022-01-02 04:00:00,0 days 12:00:00,821.1022675875527
25,2,ACN,475,KAE,168,2022-01-02 00:00:00,2022-01-02 05:00:00,0 days 07:00:00,682.1617755275878
26,2,OHL,272,JSF,537,2022-01-02 01:00:00,2022-01-02 06:00:00,0 days 08:00:00,922.8658712788223
27,6,YDP,464,YMY,116,2022-01-02 02:00:00,2022-01-02 07:00:00,0 days 11:00:00,51.89587016243799
28,5,VWH,51,UPH,1,2022-01-02 03:00:00,2022-01-02 08:00:00,0 days 05:00:00,269.38989104826885
29,3,OYC,469,KZF,365,2022-01-02 04:00:00,2022-01-02 09:00:00,0 days 14:00:00,949.724446121236
30,6,LTB,207,UZE,347,2022-01-02 05:00:00,2022-01-02 10:00:00,0 days 05:00:00,539.1678502707249
31,6,YRG,136,TGB,315,2022-01-02 06:00:00,2022-01-02 11:00:00,0 days 04:00:00,842.0890999767275
32,10,XPF,163,BMF,480,2022-01-02 07:00:00,2022-01-02 12:00:00,0 days 04:00:00,162.76810438462633
33,9,ULG,483,ELH,132,2022-01-02 08:00:00,2022-01-02 13:00:00,0 days 13:00:00,781.6332997249367
34,1,NBO,413,FEE,441,2022-01-02 09:00:00,2022-01-02 14:00:00,0 days 08:00:00,564.6216565811831
35,8,LTZ,163,BXD,432,2022-01-02 10:00:00,2022-01-02 15:00:00,0 days 12:00:00,109.91361857425548
36,4,KYU,13,LDC,266,2022-01-02 11:00:00,2022-01-02 16:00:00,0 days 09:00:00,629.6758477116246
37,1,DWK,105,MBJ,17,2022-01-02 12:00:00,2022-01-02 17:00:00,0 days 03:00:00,432.87900826898687
38,8,EZD,19,YIM,403,2022-01-02 13:00:00,2022-01-02 18:00:00,0 days 08:00:00,700.3161945120947
39,7,XTY,436,QKX,309,2022-01-02 14:00:00,2022-01-02 19:00:00,0 days 05:00:00,543.6661117494953
40,3,FHK,432,CQN,81,2022-01-02 15:00:00,2022-01-02 20:00:00,0 days 13:00:00,873.7067654549841
41,3,BAG,467,GGK,571,2022-01-02 16:00:00,2022-01-02 21:00:00,0 days 07:00:00,451.1417370297211
42,1,NRU,25,ASO,84,2022-01-02 17:00:00,2022-01-02 22:00:00,0 days 14:00:00,129.88158497241494
43,4,AUH,572,AGB,419,2022-01-02 18:00:00,2022-01-02 23:00:00,0 days 04:00:00,538.9550050706662
44,9,IFZ,202,WGS,526,2022-01-02 19:00:00,2022-01-03 00:00:00,0 days 03:00:00,706.6867474669567
45,10,SYE,366,RVS,98,2022-01-02 20:00:00,2022-01-03 01:00:00,0 days 06:00:00,905.3555207137506
46,10,GTC,484,CRC,402,2022-01-02 21:00:00,2022-01-03 02:00:00,0 days 09:00:00,372.9854136996613
47,3,OCY,528,NWY,327,2022-01-02 22:00:00,2022-01-03 03:00:00,0 days 02:00:00,544.7420084631206
48,1,FVN,323,YNF,135,2022-01-02 23:00:00,2022-01-03 04:00:00,0 days 12:00:00,963.2509395065878
49,8,LEF,525,IBB,444,2022-01-03 00:00:00,2022-01-03 05:00:00,0 days 14:00:00,650.1633128357724
50,2,SUY,26,RWU,370,2022-01-03 01:00:00,2022-01-03 06:00:00,0 days 05:00:00,65.77079299287578
51,1,THQ,450,GML,460,2022-01-03 02:00:00,2022-01-03 07:00:00,0 days 12:00:00,991.2450468098307
52,2,IBL,345,DRR,432,2022-01-03 03:00:00,2022-01-03 08:00:00,0 days 12:00:00,976.5207412854976
53,5,KMF,376,HQJ,550,2022-01-03 04:00:00,2022-01-03 09:00:00,0 days 03:00:00,758.66741162435
54,10,BAT,360,QCS,235,2022-01-03 05:00:00,2022-01-03 10:00:00,0 days 11:00:00,389.5398864076189
55,10,CBJ,13,BCP,529,2022-01-03 06:00:00,2022-01-03 11:00:00,0 days 04:00:00,698.3305395431479
56,2,ICF,229,HZN,477,2022-01-03 07:00:00,2022-01-03 12:00:00,0 days 02:00:00,397.55308518547884
57,6,KQE,121,XIE,158,2022-01-03 08:00:00,2022-01-03 13:00:00,0 days 12:00:00,671.0094718460448
58,4,QQP,552,WAX,418,2022-01-03 09:00:00,2022-01-03 14:00:00,0 days 04:00:00,801.920782238625
59,1,TBK,194,HCA,467,2022-01-03 10:00:00,2022-01-03 15:00:00,0 days 05:00:00,549.5455431119562
60,6,FXK,491,ROA,319,2022-01-03 11:00:00,2022-01-03 16:00:00,0 days 10:00:00,939.9240598443512
61,10,NHN,412,ZWR,291,2022-01-03 12:00:00,2022-01-03 17:00:00,0 days 04:00:00,805.5106050117043
62,1,TJD,552,CSK,455,2022-01-03 13:00:00,2022-01-03 18:00:00,0 days 02:00:00,496.9947172370307
63,4,NCS,4,OOT,338,2022-01-03 14:00:00,2022-01-03 19:00:00,0 days 15:00:00,489.3846484216302
64,1,ZVT,261,NXE,345,2022-01-03 15:00:00,2022-01-03 20:00:00,0 days 12:00:00,236.04623383645708
65,2,TBG,60,HOE,100,2022-01-03 16:00:00,2022-01-03 21:00:00,0 days 04:00:00,752.3248398874468
66,7,KNS,300,XDU,350,2022-01-03 17:00:00,2022-01-03 22:00:00,0 days 15:00:00,212.52030718160788
67,5,WLA,470,NET,589,2022-01-03 18:00:00,2022-01-03 23:00:00,0 days 01:00:00,696.3947073520458
68,3,QLW,350,JVV,91,2022-01-03 19:00:00,2022-01-04 00:00:00,0 days 08:00:00,781.3332292700708
69,9,KQD,30,RQS,555,2022-01-03 20:00:00,2022-01-04 01:00:00,0 days 12:00:00,532.2686961497186
70,8,PMN,526,OJU,432,2022-01-03 21:00:00,2022-01-04 02:00:00,0 days 14:00:00,344.28008010469154
71,10,KQN,98,WAJ,288,2022-01-03 22:00:00,2022-01-04 03:00:00,0 days 12:00:00,554.7676669036355
72,7,JJB,375,FRM,65,2022-01-03 23:00:00,2022-01-04 04:00:00,0 days 04:00:00,519.8100423600011
73,1,KBZ,173,TUK,452,2022-01-04 00:00:00,2022-01-04 05:00:00,0 days 06:00:00,954.1639488603593
74,1,XXI,210,FSH,321,2022-01-04 01:00:00,2022-01-04 06:00:00,0 days 14:00:00,424.65704383281474
75,5,TYU,516,JMN,598,2022-01-04 02:00:00,2022-01-04 07:00:00,0 days 14:00:00,999.6478293426409
76,9,DJC,566,SZT,8,2022-01-04 03:00:00,2022-01-04 08:00:00,0 days 06:00:00,226.72478240066644
77,6,EDP,411,SQJ,413,2022-01-04 04:00:00,2022-01-04 09:00:00,0 days 08:00:00,201.07111066423397
78,7,KRF,213,PZC,55,2022-01-04 05:00:00,2022-01-04 10:00:00,0 days 06:00:00,129.742132191549
79,1,OIZ,421,ISF,82,2022-01-04 06:00:00,2022-01-04 11:00:00,0 days 01:00:00,55.84135152185593
80,2,PQI,443,LOF,463,2022-01-04 07:00:00,2022-01-04 12:00:00,0 days 01:00:00,934.1155307380737
81,1,JET,245,CIC,537,2022-01-04 08:00:00,2022-01-04 13:00:00,0 days 07:00:00,593.7404351495194
82,10,IKH,397,DUJ,523,2022-01-04 09:00:00,2022-01-04 14:00:00,0 days 09:00:00,884.6237015334957
83,7,RPH,427,KFR,561,2022-01-04 10:00:00,2022-01-04 15:00:00,0 days 04:00:00,997.5714028311465
84,9,STY,259,UTU,246,2022-01-04 11:00:00,2022-01-04 16:00:00,0 days 09:00:00,857.3305051274967
85,3,LQP,554,UZW,83,2022-01-04 12:00:00,2022-01-04 17:00:00,0 days 05:00:00,163.08589303971308
86,10,JKB,411,GTZ,369,2022-01-04 13:00:00,2022-01-04 18:00:00,0 days 03:00:00,61.159768448072455
87,8,MNA,539,TFF,396,2022-01-04 14:00:00,2022-01-04 19:00:00,0 days 11:00:00,589.6213223399153
88,2,RRX,398,NJC,499,2022-01-04 15:00:00,2022-01-04 20:00:00,0 days 15:00:00,699.7470805459574
89,10,YHP,95,CVF,295,2022-01-04 16:00:00,2022-01-04 21:00:00,0 days 07:00:00,606.807377535929
90,4,TKT,365,DTF,476,2022-01-04 17:00:00,2022-01-04 22:00:00,0 days 04:00:00,531.7479108769205
91,5,BOL,288,PBE,188,2022-01-04 18:00:00,2022-01-04 23:00:00,0 days 13:00:00,177.39833948178904
92,10,HXD,311,AMC,354,2022-01-04 19:00:00,2022-01-05 00:00:00,0 days 14:00:00,221.5637934033339
93,10,HFD,85,SBN,353,2022-01-04 20:00:00,2022-01-05 01:00:00,0 days 12:00:00,694.504662853324
94,5,RST,4,KFS,482,2022-01-04 21:00:00,2022-01-05 02:00:00,0 days 09:00:00,806.1873300701791
95,10,FTP,555,EIF,123,2022-01-04 22:00:00,2022-01-05 03:00:00,0 days 01:00:00,647.3631931552459
96,9,GDF,139,HQY,158,2022-01-04 23:00:00,2022-01-05 04:00:00,0 days 07:00:00,674.5896748705825
97,1,FIG,74,HHD,575,2022-01-05 00:00:00,2022-01-05 05:00:00,0 days 09:00:00,500.11461853295935
98,7,FGT,450,XKM,389,2022-01-05 01:00:00,2022-01-05 06:00:00,0 days 13:00:00,109.87510866729488
99,8,EMU,59,ZUB,216,2022-01-05 02:00:00,2022-01-05 07:00:00,0 days 07:00:00,52.86576797831387
100,7,ZYC,452,QII,193,2022-01-05 03:00:00,2022-01-05 08:00:00,0 days 12:00:00,589.5283214028852
101,1,QKC,316,KSY,264,2022-01-05 04:00:00,2022-01-05 09:00:00,0 days 09:00:00,254.33359503515305
102,8,API,388,YOX,423,2022-01-05 05:00:00,2022-01-05 10:00:00,0 days 10:00:00,250.34250931641378
103,4,DVC,271,EKH,380,2022-01-05 06:00:00,2022-01-05 11:00:00,0 days 10:00:00,80.37136234249743
104,6,AJG,150,XLO,571,2022-01-05 07:00:00,2022-01-05 12:00:00,0 days 06:00:00,281.5225786570227
105,3,GTO,371,ZZM,547,2022-01-05 08:00:00,2022-01-05 13:00:00,0 days 01:00:00,67.94619937909705
106,9,SPO,30,SQM,567,2022-01-05 09:00:00,2022-01-05 14:00:00,0 days 15:00:00,522.1695085870313
107,10,MCN,372,LYH,520,2022-01-05 10:00:00,2022-01-05 15:00:00,0 days 01:00:00,729.4613328140407
108,4,SNV,220,MIM,271,2022-01-05 11:00:00,2022-01-05 16:00:00,0 days 15:00:00,459.94878378039454
109,2,WPY,247,HJN,47,2022-01-05 12:00:00,2022-01-05 17:00:00,0 days 05:00:00,916.981462282804
110,4,YKD,287,KVV,321,2022-01-05 13:00:00,2022-01-05 18:00:00,0 days 01:00:00,389.23704476023914
111,1,TMP,27,DFL,225,2022-01-05 14:00:00,2022-01-05 19:00:00,0 days 09:00:00,62.01600633814488
112,6,DGM,9,DUN,529,2022-01-05 15:00:00,2022-01-05 20:00:00,0 days 12:00:00,914.7316927493655
113,6,WNT,189,OEW,517,2022-01-05 16:00:00,2022-01-05 21:00:00,0 days 08:00:00,163.32884228606383
114,9,NVW,506,OGU,281,2022-01-05 17:00:00,2022-01-05 22:00:00,0 days 03:00:00,57.56916495597635
115,7,KGR,154,UUE,329,2022-01-05 18:00:00,2022-01-05 23:00:00,0 days 06:00:00,813.8869403938467
116,4,PQC,500,DEJ,525,2022-01-05 19:00:00,2022-01-06 00:00:00,0 days 04:00:00,378.9642172488109
117,5,OBK,329,RPB,55,2022-01-05 20:00:00,2022-01-06 01:00:00,0 days 10:00:00,698.8854501098796
118,9,GGY,81,NKV,171,2022-01-05 21:00:00,2022-01-06 02:00:00,0 days 03:00:00,399.90312663755213
119,5,PGK,193,RLC,56,2022-01-05 22:00:00,2022-01-06 03:00:00,0 days 06:00:00,554.7971080730113
120,9,MSF,257,CLZ,54,2022-01-05 23:00:00,2022-01-06 04:00:00,0 days 11:00:00,501.33234177220413
121,5,XYE,561,ONB,417,2022-01-06 00:00:00,2022-01-06 05:00:00,0 days 12:00:00,263.8810427513989
122,7,BWQ,533,MGQ,295,2022-01-06 01:00:00,2022-01-06 06:00:00,0 days 06:00:00,815.436510511519
123,3,RPX,561,BSO,406,2022-01-06 02:00:00,2022-01-06 07:00:00,0 days 11:00:00,749.9114022510495
124,2,ZIL,99,NXD,463,2022-01-06 03:00:00,2022-01-06 08:00:00,0 days 12:00:00,308.19860378183523
125,4,UTJ,371,NXH,185,2022-01-06 04:00:00,2022-01-06 09:00:00,0 days 06:00:00,996.7933017369953
126,8,SDM,470,DQC,235,2022-01-06 05:00:00,2022-01-06 10:00:00,0 days 05:00:00,458.68556520142573
127,5,KXI,570,XTP,95,2022-01-06 06:00:00,2022-01-06 11:00:00,0 days 14:00:00,588.0391454820176
128,9,MTQ,224,OMZ,198,2022-01-06 07:00:00,2022-01-06 12:00:00,0 days 11:00:00,454.6229819857413
129,5,TPC,173,UHU,499,2022-01-06 08:00:00,2022-01-06 13:00:00,0 days 05:00:00,346.3070161822911
130,9,ECW,337,TJF,210,2022-01-06 09:00:00,2022-01-06 14:00:00,0 days 01:00:00,444.46994378789236
131,7,VUW,292,EEX,23,2022-01-06 10:00:00,2022-01-06 15:00:00,0 days 10:00:00,425.50224317860267
132,10,EIO,57,ABK,450,2022-01-06 11:00:00,2022-01-06 16:00:00,0 days 10:00:00,92.93914129002445
133,8,VFO,600,PHU,91,2022-01-06 12:00:00,2022-01-06 17:00:00,0 days 12:00:00,341.88096372677705
134,5,XRH,540,BSS,96,2022-01-06 13:00:00,2022-01-06 18:00:00,0 days 10:00:00,773.123233327013
135,5,TTQ,581,VON,282,2022-01-06 14:00:00,2022-01-06 19:00:00,0 days 07:00:00,54.05944255381226
136,6,DBI,516,QRK,45,2022-01-06 15:00:00,2022-01-06 20:00:00,0 days 15:00:00,343.0780011730956
137,6,CGI,458,OCQ,10,2022-01-06 16:00:00,2022-01-06 21:00:00,0 days 01:00:00,572.8180076321353
138,5,YIY,356,NRC,293,2022-01-06 17:00:00,2022-01-06 22:00:00,0 days 01:00:00,326.84695492290115
139,1,UYS,45,JFA,234,2022-01-06 18:00:00,2022-01-06 23:00:00,0 days 08:00:00,276.7415428258239
140,2,AOX,300,BNZ,339,2022-01-06 19:00:00,2022-01-07 00:00:00,0 days 05:00:00,162.5801395275705
141,2,BEE,226,SBJ,578,2022-01-06 20:00:00,2022-01-07 01:00:00,0 days 05:00:00,92.70097025815441
142,1,DSK,551,JVW,492,2022-01-06 21:00:00,2022-01-07 02:00:00,0 days 08:00:00,711.6724412116525
143,8,VWD,45,RSY,498,2022-01-06 22:00:00,2022-01-07 03:00:00,0 days 02:00:00,52.7012440533329
144,2,IJS,53,WMO,31,2022-01-06 23:00:00,2022-01-07 04:00:00,0 days 03:00:00,759.9849282314904
145,5,VCL,22,JPO,266,2022-01-07 00:00:00,2022-01-07 05:00:00,0 days 02:00:00,384.9165744200655
146,4,AFE,331,EKC,515,2022-01-07 01:00:00,2022-01-07 06:00:00,0 days 01:00:00,579.0048107288245
147,6,VTT,93,IJW,496,2022-01-07 02:00:00,2022-01-07 07:00:00,0 days 11:00:00,430.1553163612128
148,5,YCV,496,OYR,238,2022-01-07 03:00:00,2022-01-07 08:00:00,0 days 03:00:00,241.84448839116916
149,7,PJR,502,BOM,286,2022-01-07 04:00:00,2022-01-07 09:00:00,0 days 02:00:00,411.4931045149665
150,7,MYQ,75,JQX,470,2022-01-07 05:00:00,2022-01-07 10:00:00,0 days 14:00:00,840.8979088156335
151,4,YVM,288,FCV,501,2022-01-07 06:00:00,2022-01-07 11:00:00,0 days 04:00:00,210.55161525035678
152,8,IAE,424,DMW,511,2022-01-07 07:00:00,2022-01-07 12:00:00,0 days 08:00:00,883.1150241504415
153,5,VEQ,435,VQY,410,2022-01-07 08:00:00,2022-01-07 13:00:00,0 days 09:00:00,625.1755272273622
154,6,LVV,305,FNV,377,2022-01-07 09:00:00,2022-01-07 14:00:00,0 days 01:00:00,874.4697326108374
155,5,LXE,556,ARP,373,2022-01-07 10:00:00,2022-01-07 15:00:00,0 days 08:00:00,326.4387280448595
156,5,YRO,359,RML,48,2022-01-07 11:00:00,2022-01-07 16:00:00,0 days 01:00:00,355.19447204067114
157,8,QHC,282,NHR,316,2022-01-07 12:00:00,2022-01-07 17:00:00,0 days 06:00:00,53.55486379273168
158,3,NGO,290,YSZ,510,2022-01-07 13:00:00,2022-01-07 18:00:00,0 days 01:00:00,573.8280291969855
159,10,IOC,509,JOY,513,2022-01-07 14:00:00,2022-01-07 19:00:00,0 days 15:00:00,686.7600820361134
160,9,GBP,262,VUV,591,2022-01-07 15:00:00,2022-01-07 20:00:00,0 days 03:00:00,268.1720298041236
161,2,MJP,233,VKX,580,2022-01-07 16:00:00,2022-01-07 21:00:00,0 days 06:00:00,850.069646915893
162,2,IBP,516,QCA,550,2022-01-07 17:00:00,2022-01-07 22:00:00,0 days 07:00:00,280.3376505403131
163,1,TIH,566,HPX,14,2022-01-07 18:00:00,2022-01-07 23:00:00,0 days 12:00:00,518.3065023631849
164,9,YWE,298,VSD,241,2022-01-07 19:00:00,2022-01-08 00:00:00,0 days 04:00:00,969.7665274427486
165,4,WFJ,444,TLQ,489,2022-01-07 20:00:00,2022-01-08 01:00:00,0 days 01:00:00,462.05469062646534
166,5,BVA,164,RTE,1,2022-01-07 21:00:00,2022-01-08 02:00:00,0 days 01:00:00,908.443220374279
167,6,XBM,295,YYL,168,2022-01-07 22:00:00,2022-01-08 03:00:00,0 days 02:00:00,728.3197693097356
168,10,NWU,319,JNT,43,2022-01-07 23:00:00,2022-01-08 04:00:00,0 days 13:00:00,520.4379213329603
169,1,OQR,444,FUP,185,2022-01-08 00:00:00,2022-01-08 05:00:00,0 days 12:00:00,243.38842514118895
170,9,OUN,262,XRU,543,2022-01-08 01:00:00,2022-01-08 06:00:00,0 days 06:00:00,262.1676475811019
171,4,FUG,306,VSE,46,2022-01-08 02:00:00,2022-01-08 07:00:00,0 days 11:00:00,151.40559761470695
172,1,UIW,38,GBM,330,2022-01-08 03:00:00,2022-01-08 08:00:00,0 days 15:00:00,379.47888581066377
173,7,VMY,346,TAZ,277,2022-01-08 04:00:00,2022-01-08 09:00:00,0 days 01:00:00,145.8785020700353
174,6,YKP,582,XSF,241,2022-01-08 05:00:00,2022-01-08 10:00:00,0 days 08:00:00,915.0715462967503
175,7,HWR,144,FDC,58,2022-01-08 06:00:00,2022-01-08 11:00:00,0 days 04:00:00,551.9330081495972
176,5,FBY,107,MSV,466,2022-01-08 07:00:00,2022-01-08 12:00:00,0 days 08:00:00,126.69950516049903
177,9,DQF,284,NHI,398,2022-01-08 08:00:00,2022-01-08 13:00:00,0 days 12:00:00,743.735059038176
178,10,PVJ,593,RRL,370,2022-01-08 09:00:00,2022-01-08 14:00:00,0 days 09:00:00,494.42231834054854
179,4,EMQ,376,CKA,260,2022-01-08 10:00:00,2022-01-08 15:00:00,0 days 10:00:00,127.03905938231154
180,3,XSA,137,QMI,183,2022-01-08 11:00:00,2022-01-08 16:00:00,0 days 10:00:00,863.7508439194717
181,1,ACI,541,TWD,437,2022-01-08 12:00:00,2022-01-08 17:00:00,0 days 09:00:00,879.1440924865238
182,1,ZOR,434,BKR,270,2022-01-08 13:00:00,2022-01-08 18:00:00,0 days 07:00:00,147.18867087535443
183,1,AQH,238,WZD,103,2022-01-08 14:00:00,2022-01-08 19:00:00,0 days 14:00:00,113.69712513123712
184,6,AJE,204,SBH,210,2022-01-08 15:00:00,2022-01-08 20:00:00,0 days 09:00:00,945.0338929591962
185,5,HLQ,438,HAH,267,2022-01-08 16:00:00,2022-01-08 21:00:00,0 days 03:00:00,656.6034542149916
186,7,CNS,439,XOH,222,2022-01-08 17:00:00,2022-01-08 22:00:00,0 days 12:00:00,784.0632373402093
187,7,JDS,594,IIN,442,2022-01-08 18:00:00,2022-01-08 23:00:00,0 days 09:00:00,180.5171970895956
188,4,TLN,548,EVM,359,2022-01-08 19:00:00,2022-01-09 00:00:00,0 days 09:00:00,245.5558858107566
189,8,AMO,53,ZRZ,328,2022-01-08 20:00:00,2022-01-09 01:00:00,0 days 15:00:00,733.9023524835213
190,6,NHX,146,QGU,260,2022-01-08 21:00:00,2022-01-09 02:00:00,0 days 05:00:00,634.7022372978399
191,5,SII,269,VTL,176,2022-01-08 22:00:00,2022-01-09 03:00:00,0 days 06:00:00,453.2845071231588
192,10,NJO,78,DKA,463,2022-01-08 23:00:00,2022-01-09 04:00:00,0 days 05:00:00,301.2352671935004
193,5,AMZ,228,GEQ,239,2022-01-09 00:00:00,2022-01-09 05:00:00,0 days 02:00:00,862.2367240313972
194,8,SOJ,378,YIS,58,2022-01-09 01:00:00,2022-01-09 06:00:00,0 days 14:00:00,230.4936127895901
195,8,HDT,174,BPY,195,2022-01-09 02:00:00,2022-01-09 07:00:00,0 days 14:00:00,892.8565609967303
196,5,ELA,195,NMK,82,2022-01-09 03:00:00,2022-01-09 08:00:00,0 days 11:00:00,147.47468513619714
197,9,LDK,541,XCL,338,2022-01-09 04:00:00,2022-01-09 09:00:00,0 days 09:00:00,72.02566778135557
198,2,TLD,213,JMK,132,2022-01-09 05:00:00,2022-01-09 10:00:00,0 days 02:00:00,186.19238478420507
199,10,CDC,113,KDZ,24,2022-01-09 06:00:00,2022-01-09 11:00:00,0 days 08:00:00,194.35730433815365
200,3,YRG,426,YWL,132,2022-01-09 07:00:00,2022-01-09 12:00:00,0 days 04:00:00,954.852423158374
201,9,JFE,365,REC,364,2022-01-09 08:00:00,2022-01-09 13:00:00,0 days 02:00:00,507.9709452951024
202,2,JNZ,253,NMW,225,2022-01-09 09:00:00,2022-01-09 14:00:00,0 days 05:00:00,859.4224785022308
203,9,KKN,572,VFG,248,2022-01-09 10:00:00,2022-01-09 15:00:00,0 days 09:00:00,533.254691349701
204,8,QUU,317,ZQX,432,2022-01-09 11:00:00,2022-01-09 16:00:00,0 days 02:00:00,966.9990075472796
205,2,TRN,314,SRE,237,2022-01-09 12:00:00,2022-01-09 17:00:00,0 days 11:00:00,380.0572789549002
206,5,UOH,398,OOE,178,2022-01-09 13:00:00,2022-01-09 18:00:00,0 days 12:00:00,483.4520720106875
207,5,GHL,319,VVZ,523,2022-01-09 14:00:00,2022-01-09 19:00:00,0 days 08:00:00,451.2451338931862
208,3,NQQ,569,XKE,42,2022-01-09 15:00:00,2022-01-09 20:00:00,0 days 05:00:00,866.0769335946335
209,7,OSB,316,QAO,135,2022-01-09 16:00:00,2022-01-09 21:00:00,0 days 10:00:00,642.4333925070707
210,6,GIR,30,THN,591,2022-01-09 17:00:00,2022-01-09 22:00:00,0 days 11:00:00,346.8384151867777
211,8,RQO,445,CTI,10,2022-01-09 18:00:00,2022-01-09 23:00:00,0 days 03:00:00,325.5563726781438
212,1,UMW,308,CAW,466,2022-01-09 19:00:00,2022-01-10 00:00:00,0 days 01:00:00,165.0191310138884
213,7,QNG,542,QKN,28,2022-01-09 20:00:00,2022-01-10 01:00:00,0 days 09:00:00,807.9708199163266
214,4,NPD,282,OIL,462,2022-01-09 21:00:00,2022-01-10 02:00:00,0 days 13:00:00,817.6189131502745
215,1,QYD,312,LKB,164,2022-01-09 22:00:00,2022-01-10 03:00:00,0 days 06:00:00,706.285455170422
216,2,AGL,493,OYE,464,2022-01-09 23:00:00,2022-01-10 04:00:00,0 days 05:00:00,855.5189442386259
217,9,WAG,481,OXN,48,2022-01-10 00:00:00,2022-01-10 05:00:00,0 days 04:00:00,967.8368834214674
218,1,DCI,186,KII,486,2022-01-10 01:00:00,2022-01-10 06:00:00,0 days 15:00:00,716.7074229854487
219,8,VKV,315,HHF,177,2022-01-10 02:00:00,2022-01-10 07:00:00,0 days 14:00:00,900.1430874360906
220,8,FNZ,276,EGJ,222,2022-01-10 03:00:00,2022-01-10 08:00:00,0 days 10:00:00,129.13688652353977
221,4,BQX,365,YIX,146,2022-01-10 04:00:00,2022-01-10 09:00:00,0 days 15:00:00,74.65049778600991
222,9,GOD,493,PLL,479,2022-01-10 05:00:00,2022-01-10 10:00:00,0 days 03:00:00,378.98057462028027
223,2,LXJ,346,ODG,145,2022-01-10 06:00:00,2022-01-10 11:00:00,0 days 01:00:00,225.07348984840183
224,4,TLV,171,EUV,463,2022-01-10 07:00:00,2022-01-10 12:00:00,0 days 15:00:00,672.7116466420214
225,5,ANG,570,IOB,329,2022-01-10 08:00:00,2022-01-10 13:00:00,0 days 15:00:00,699.8586024391608
226,4,QGB,457,PBG,252,2022-01-10 09:00:00,2022-01-10 14:00:00,0 days 07:00:00,61.07440051034912
227,7,VFE,592,CUG,34,2022-01-10 10:00:00,2022-01-10 15:00:00,0 days 10:00:00,616.8713341856028
228,3,WNV,408,EGP,31,2022-01-10 11:00:00,2022-01-10 16:00:00,0 days 07:00:00,726.6607919050409
229,2,AXH,36,LHG,492,2022-01-10 12:00:00,2022-01-10 17:00:00,0 days 15:00:00,626.1434410835236
230,7,CJX,59,VJT,121,2022-01-10 13:00:00,2022-01-10 18:00:00,0 days 05:00:00,750.2051993521904
231,8,TNV,455,KIL,81,2022-01-10 14:00:00,2022-01-10 19:00:00,0 days 10:00:00,171.54629475801408
232,4,KNI,244,PCN,76,2022-01-10 15:00:00,2022-01-10 20:00:00,0 days 10:00:00,971.4926128339453
233,6,MDX,138,UWG,448,2022-01-10 16:00:00,2022-01-10 21:00:00,0 days 12:00:00,252.4880572251897
234,2,JQC,199,KVO,431,2022-01-10 17:00:00,2022-01-10 22:00:00,0 days 03:00:00,331.10066416466634
235,3,USQ,297,MHS,150,2022-01-10 18:00:00,2022-01-10 23:00:00,0 days 13:00:00,917.7771792055765
236,2,BRB,541,JZD,484,2022-01-10 19:00:00,2022-01-11 00:00:00,0 days 12:00:00,883.9252623141358
237,6,EPD,458,FBC,541,2022-01-10 20:00:00,2022-01-11 01:00:00,0 days 08:00:00,499.705669517159
238,10,QAB,329,MPG,162,2022-01-10 21:00:00,2022-01-11 02:00:00,0 days 12:00:00,756.8282224789282
239,7,POB,412,CLM,344,2022-01-10 22:00:00,2022-01-11 03:00:00,0 days 08:00:00,975.6296977605048
240,2,PYG,474,KFG,300,2022-01-10 23:00:00,2022-01-11 04:00:00,0 days 02:00:00,389.012246908545
241,8,ULN,454,JIM,157,2022-01-11 00:00:00,2022-01-11 05:00:00,0 days 11:00:00,540.3030656034842
242,9,WPB,573,KET,499,2022-01-11 01:00:00,2022-01-11 06:00:00,0 days 06:00:00,616.6312832588007
243,6,VME,184,ZUF,145,2022-01-11 02:00:00,2022-01-11 07:00:00,0 days 01:00:00,677.1492818575143
244,1,QMC,156,OJX,254,2022-01-11 03:00:00,2022-01-11 08:00:00,0 days 11:00:00,711.2160208702336
245,9,CKN,600,SXN,502,2022-01-11 04:00:00,2022-01-11 09:00:00,0 days 08:00:00,656.8430323505565
246,9,CIV,262,NZZ,440,2022-01-11 05:00:00,2022-01-11 10:00:00,0 days 02:00:00,954.4081680303312
247,1,AEG,480,OGO,329,2022-01-11 06:00:00,2022-01-11 11:00:00,0 days 12:00:00,582.1563228051386
248,7,WPT,334,USN,3,2022-01-11 07:00:00,2022-01-11 12:00:00,0 days 01:00:00,226.34586639439223
249,5,JHU,596,MNV,295,2022-01-11 08:00:00,2022-01-11 13:00:00,0 days 06:00:00,973.8312086573591
250,7,QNM,439,MOJ,128,2022-01-11 09:00:00,2022-01-11 14:00:00,0 days 14:00:00,407.03452429616084
251,1,CLP,301,BLC,31,2022-01-11 10:00:00,2022-01-11 15:00:00,0 days 14:00:00,731.7099025283827
252,5,RPU,79,KRZ,199,2022-01-11 11:00:00,2022-01-11 16:00:00,0 days 13:00:00,819.1486587535668
253,7,BRS,238,HDW,58,2022-01-11 12:00:00,2022-01-11 17:00:00,0 days 05:00:00,933.4821335995538
254,8,WOK,81,OLI,217,2022-01-11 13:00:00,2022-01-11 18:00:00,0 days 01:00:00,222.47665561060617
255,6,OOA,267,IUI,41,2022-01-11 14:00:00,2022-01-11 19:00:00,0 days 02:00:00,567.7348875781569
256,10,PXB,491,AHN,273,2022-01-11 15:00:00,2022-01-11 20:00:00,0 days 11:00:00,411.3958964214573
257,5,RVC,78,QJG,492,2022-01-11 16:00:00,2022-01-11 21:00:00,0 days 09:00:00,931.944331823312
258,4,GMZ,215,OEW,449,2022-01-11 17:00:00,2022-01-11 22:00:00,0 days 12:00:00,533.7146058465803
259,2,GIU,415,JWF,355,2022-01-11 18:00:00,2022-01-11 23:00:00,0 days 07:00:00,669.7991078868347
260,10,MEV,110,MFS,580,2022-01-11 19:00:00,2022-01-12 00:00:00,0 days 11:00:00,944.0521354335913
261,1,KGQ,243,MTD,247,2022-01-11 20:00:00,2022-01-12 01:00:00,0 days 03:00:00,265.731005953726
262,8,PEB,413,KUC,500,2022-01-11 21:00:00,2022-01-12 02:00:00,0 days 06:00:00,571.5118999677059
263,4,WXZ,566,AKK,547,2022-01-11 22:00:00,2022-01-12 03:00:00,0 days 02:00:00,132.24444919715887
264,1,HIK,345,IKE,434,2022-01-11 23:00:00,2022-01-12 04:00:00,0 days 07:00:00,607.9654746676692
265,9,QWI,247,SBN,347,2022-01-12 00:00:00,2022-01-12 05:00:00,0 days 14:00:00,859.2628514782738
266,7,IBO,568,EJZ,562,2022-01-12 01:00:00,2022-01-12 06:00:00,0 days 09:00:00,352.16660187462764
267,4,ASV,158,HAZ,279,2022-01-12 02:00:00,2022-01-12 07:00:00,0 days 11:00:00,973.3612175356335
268,5,HAX,163,VNX,65,2022-01-12 03:00:00,2022-01-12 08:00:00,0 days 13:00:00,339.9635771999964
269,4,MJS,53,ESR,309,2022-01-12 04:00:00,2022-01-12 09:00:00,0 days 13:00:00,263.8607694439556
270,8,EVQ,509,AEN,596,2022-01-12 05:00:00,2022-01-12 10:00:00,0 days 09:00:00,184.5098780417508
271,10,KQB,342,YWB,397,2022-01-12 06:00:00,2022-01-12 11:00:00,0 days 01:00:00,192.22597176403886
272,3,LEV,593,MXE,222,2022-01-12 07:00:00,2022-01-12 12:00:00,0 days 14:00:00,956.2018683344733
273,1,PHA,477,ZXI,318,2022-01-12 08:00:00,2022-01-12 13:00:00,0 days 12:00:00,219.58027492431168
274,8,ZYL,138,OAC,142,2022-01-12 09:00:00,2022-01-12 14:00:00,0 days 09:00:00,97.93937310465563
275,9,KTQ,11,KFR,224,2022-01-12 10:00:00,2022-01-12 15:00:00,0 days 06:00:00,534.3035029308268
276,9,QKX,129,CPS,457,2022-01-12 11:00:00,2022-01-12 16:00:00,0 days 14:00:00,276.48425981095545
277,4,PXX,231,XTF,460,2022-01-12 12:00:00,2022-01-12 17:00:00,0 days 12:00:00,734.2554308664119
278,5,QYD,43,IBV,307,2022-01-12 13:00:00,2022-01-12 18:00:00,0 days 10:00:00,127.94227998957963
279,5,FDZ,232,LIN,99,2022-01-12 14:00:00,2022-01-12 19:00:00,0 days 15:00:00,669.4182113326889
280,2,GTU,556,FOS,370,2022-01-12 15:00:00,2022-01-12 20:00:00,0 days 13:00:00,167.86428917015326
281,4,SLR,376,YPB,565,2022-01-12 16:00:00,2022-01-12 21:00:00,0 days 14:00:00,849.5767791967191
282,6,KJZ,274,DVJ,545,2022-01-12 17:00:00,2022-01-12 22:00:00,0 days 12:00:00,591.5377053374547
283,4,JIR,379,TOC,542,2022-01-12 18:00:00,2022-01-12 23:00:00,0 days 15:00:00,340.5340215897401
284,10,IFL,583,IME,371,2022-01-12 19:00:00,2022-01-13 00:00:00,0 days 04:00:00,163.41482474055977
285,2,OGA,145,BOB,291,2022-01-12 20:00:00,2022-01-13 01:00:00,0 days 11:00:00,987.4073553211199
286,1,LGR,348,PDC,480,2022-01-12 21:00:00,2022-01-13 02:00:00,0 days 14:00:00,863.8062293568497
287,3,PUY,121,LHT,37,2022-01-12 22:00:00,2022-01-13 03:00:00,0 days 09:00:00,132.21192918661635
288,3,RWS,445,ZKO,66,2022-01-12 23:00:00,2022-01-13 04:00:00,0 days 12:00:00,600.2772310225185
289,5,WMK,598,HAL,532,2022-01-13 00:00:00,2022-01-13 05:00:00,0 days 01:00:00,668.5111084500107
290,3,IKD,558,TIN,476,2022-01-13 01:00:00,2022-01-13 06:00:00,0 days 04:00:00,195.25488488061254
291,3,JGA,24,UKK,277,2022-01-13 02:00:00,2022-01-13 07:00:00,0 days 14:00:00,420.6931745569356
292,3,LCT,60,BIY,72,2022-01-13 03:00:00,2022-01-13 08:00:00,0 days 08:00:00,962.1036525355021
293,2,GYH,58,XKF,283,2022-01-13 04:00:00,2022-01-13 09:00:00,0 days 01:00:00,725.2906518766836
294,3,OBM,396,LXL,274,2022-01-13 05:00:00,2022-01-13 10:00:00,0 days 02:00:00,504.00941226453193
295,2,SDM,554,XHM,254,2022-01-13 06:00:00,2022-01-13 11:00:00,0 days 01:00:00,442.3759409226186
296,2,VTY,125,KIF,489,2022-01-13 07:00:00,2022-01-13 12:00:00,0 days 10:00:00,321.56502202715586
297,10,CMU,31,RNM,255,2022-01-13 08:00:00,2022-01-13 13:00:00,0 days 13:00:00,65.88721559462917
298,2,FGM,401,FTG,26,2022-01-13 09:00:00,2022-01-13 14:00:00,0 days 13:00:00,960.5005087036648
299,5,DBQ,587,RKL,473,2022-01-13 10:00:00,2022-01-13 15:00:00,0 days 04:00:00,484.40706328594456
300,4,DMG,420,SYU,154,2022-01-13 11:00:00,2022-01-13 16:00:00,0 days 11:00:00,237.34754721046988
301,6,ZDJ,393,JFK,337,2022-01-13 12:00:00,2022-01-13 17:00:00,0 days 02:00:00,724.4372313840547
302,4,BSO,253,SJH,476,2022-01-13 13:00:00,2022-01-13 18:00:00,0 days 12:00:00,541.7931056840939
303,7,SYZ,327,LOV,490,2022-01-13 14:00:00,2022-01-13 19:00:00,0 days 10:00:00,509.9300832775846
304,6,RJZ,26,JAB,203,2022-01-13 15:00:00,2022-01-13 20:00:00,0 days 13:00:00,754.174065549449
305,6,FUT,303,GIS,225,2022-01-13 16:00:00,2022-01-13 21:00:00,0 days 12:00:00,241.97840316390264
306,1,XJI,559,DTQ,388,2022-01-13 17:00:00,2022-01-13 22:00:00,0 days 09:00:00,262.6507653535069
307,2,QYC,299,MKO,75,2022-01-13 18:00:00,2022-01-13 23:00:00,0 days 15:00:00,673.4053484724953
308,10,NDU,84,HQM,543,2022-01-13 19:00:00,2022-01-14 00:00:00,0 days 08:00:00,903.4692967006554
309,10,SDG,385,BXV,389,2022-01-13 20:00:00,2022-01-14 01:00:00,0 days 07:00:00,169.9106183972281
310,1,NCK,501,RGQ,128,2022-01-13 21:00:00,2022-01-14 02:00:00,0 days 08:00:00,919.725079591794
311,7,SFL,70,PJB,19,2022-01-13 22:00:00,2022-01-14 03:00:00,0 days 08:00:00,602.1106895374675
312,1,WOU,434,LMB,12,2022-01-13 23:00:00,2022-01-14 04:00:00,0 days 10:00:00,965.1755826870274
313,9,FLM,101,QRK,573,2022-01-14 00:00:00,2022-01-14 05:00:00,0 days 08:00:00,93.84412080524933
314,6,JYO,575,HTG,437,2022-01-14 01:00:00,2022-01-14 06:00:00,0 days 03:00:00,473.74953458022645
315,6,TED,90,GAN,276,2022-01-14 02:00:00,2022-01-14 07:00:00,0 days 02:00:00,358.4999466481523
316,4,YCO,381,UMW,566,2022-01-14 03:00:00,2022-01-14 08:00:00,0 days 04:00:00,963.3158913653093
317,8,IXM,136,MJA,84,2022-01-14 04:00:00,2022-01-14 09:00:00,0 days 10:00:00,537.9851465769497
318,4,ALC,194,XKD,230,2022-01-14 05:00:00,2022-01-14 10:00:00,0 days 01:00:00,871.9087188965422
319,4,PJT,77,HAE,41,2022-01-14 06:00:00,2022-01-14 11:00:00,0 days 02:00:00,688.9424432227532
320,2,DZG,382,LZZ,414,2022-01-14 07:00:00,2022-01-14 12:00:00,0 days 03:00:00,473.52531381189004
321,3,ADE,587,FWK,428,2022-01-14 08:00:00,2022-01-14 13:00:00,0 days 15:00:00,196.54903624347352
322,10,GOG,257,QFY,526,2022-01-14 09:00:00,2022-01-14 14:00:00,0 days 05:00:00,670.7026703189002
323,5,MDN,169,MHY,600,2022-01-14 10:00:00,2022-01-14 15:00:00,0 days 05:00:00,326.67516544038955
324,8,IWY,431,VIA,136,2022-01-14 11:00:00,2022-01-14 16:00:00,0 days 01:00:00,328.2505177533758
325,3,ZUG,291,ABP,148,2022-01-14 12:00:00,2022-01-14 17:00:00,0 days 04:00:00,295.1814372557061
326,10,PCY,192,ACT,555,2022-01-14 13:00:00,2022-01-14 18:00:00,0 days 15:00:00,214.3411607588549
327,4,KYA,454,PRY,358,2022-01-14 14:00:00,2022-01-14 19:00:00,0 days 15:00:00,117.73920731346209
328,2,DRQ,265,LME,569,2022-01-14 15:00:00,2022-01-14 20:00:00,0 days 05:00:00,470.8143367688167
329,1,LMX,13,CMH,104,2022-01-14 16:00:00,2022-01-14 21:00:00,0 days 05:00:00,920.624871606288
330,5,HFI,58,TPB,16,2022-01-14 17:00:00,2022-01-14 22:00:00,0 days 09:00:00,97.98314114641299
331,3,BZP,465,RFS,411,2022-01-14 18:00:00,2022-01-14 23:00:00,0 days 09:00:00,933.7195469749205
332,7,GUK,310,FNB,176,2022-01-14 19:00:00,2022-01-15 00:00:00,0 days 04:00:00,782.2249223132769
333,5,VAE,535,GUZ,224,2022-01-14 20:00:00,2022-01-15 01:00:00,0 days 04:00:00,897.2618571622305
334,7,LFA,598,UFU,188,2022-01-14 21:00:00,2022-01-15 02:00:00,0 days 13:00:00,213.21254179954033
335,7,XUZ,361,YGH,476,2022-01-14 22:00:00,2022-01-15 03:00:00,0 days 04:00:00,794.6538702745387
336,3,JIF,415,JQS,186,2022-01-14 23:00:00,2022-01-15 04:00:00,0 days 11:00:00,360.80067849605155
337,9,AHF,39,TYA,162,2022-01-15 00:00:00,2022-01-15 05:00:00,0 days 15:00:00,551.079721084523
338,10,LQH,178,VOW,406,2022-01-15 01:00:00,2022-01-15 06:00:00,0 days 11:00:00,336.37274228893153
339,7,YFU,12,YGR,167,2022-01-15 02:00:00,2022-01-15 07:00:00,0 days 11:00:00,232.1278229706373
340,7,LMN,276,KSJ,48,2022-01-15 03:00:00,2022-01-15 08:00:00,0 days 13:00:00,598.0200814734561
341,1,NRC,28,FZX,89,2022-01-15 04:00:00,2022-01-15 09:00:00,0 days 03:00:00,901.1952614042235
342,7,BXZ,261,QXX,44,2022-01-15 05:00:00,2022-01-15 10:00:00,0 days 01:00:00,237.8165312007329
343,7,SWU,229,ZFL,400,2022-01-15 06:00:00,2022-01-15 11:00:00,0 days 13:00:00,951.1121457929199
344,2,RCI,213,RPZ,512,2022-01-15 07:00:00,2022-01-15 12:00:00,0 days 06:00:00,73.93115631530353
345,10,PJY,35,IKQ,35,2022-01-15 08:00:00,2022-01-15 13:00:00,0 days 11:00:00,558.0667518301148
346,8,BEJ,1,ENT,331,2022-01-15 09:00:00,2022-01-15 14:00:00,0 days 15:00:00,165.76721486642003
347,6,CIZ,220,FAQ,106,2022-01-15 10:00:00,2022-01-15 15:00:00,0 days 15:00:00,247.02273961682636
348,1,CRC,30,YUN,186,2022-01-15 11:00:00,2022-01-15 16:00:00,0 days 09:00:00,668.7935979626516
349,6,IXK,75,FTM,367,2022-01-15 12:00:00,2022-01-15 17:00:00,0 days 06:00:00,198.83219911771658
350,7,ZYX,357,XBT,588,2022-01-15 13:00:00,2022-01-15 18:00:00,0 days 15:00:00,640.6090980620303
351,5,DCC,547,NIS,128,2022-01-15 14:00:00,2022-01-15 19:00:00,0 days 06:00:00,57.802019187360585
352,4,FFB,132,WUO,241,2022-01-15 15:00:00,2022-01-15 20:00:00,0 days 05:00:00,424.06967760572496
353,6,PRU,492,CMX,328,2022-01-15 16:00:00,2022-01-15 21:00:00,0 days 12:00:00,636.241968580912
354,8,PDT,162,CET,379,2022-01-15 17:00:00,2022-01-15 22:00:00,0 days 06:00:00,771.3506989589907
355,3,IMZ,520,JJO,513,2022-01-15 18:00:00,2022-01-15 23:00:00,0 days 03:00:00,976.9889659227287
356,2,MAS,536,BXQ,83,2022-01-15 19:00:00,2022-01-16 00:00:00,0 days 13:00:00,792.4982498910283
357,3,WBL,219,TEQ,446,2022-01-15 20:00:00,2022-01-16 01:00:00,0 days 12:00:00,387.99514641589354
358,9,UZF,494,DIG,501,2022-01-15 21:00:00,2022-01-16 02:00:00,0 days 02:00:00,754.4080972388879
359,5,DPD,41,BBA,461,2022-01-15 22:00:00,2022-01-16 03:00:00,0 days 12:00:00,894.9443559041782
360,7,MEL,518,HQG,34,2022-01-15 23:00:00,2022-01-16 04:00:00,0 days 15:00:00,67.08976729103448
361,5,TBK,16,EFS,486,2022-01-16 00:00:00,2022-01-16 05:00:00,0 days 06:00:00,509.72504036338523
362,6,HVK,540,BQI,539,2022-01-16 01:00:00,2022-01-16 06:00:00,0 days 06:00:00,572.3415130147364
363,10,UQJ,318,YMZ,5,2022-01-16 02:00:00,2022-01-16 07:00:00,0 days 10:00:00,182.6267815157666
364,5,YGU,279,GHM,210,2022-01-16 03:00:00,2022-01-16 08:00:00,0 days 06:00:00,739.1872583222209
365,8,TFL,509,QVZ,594,2022-01-16 04:00:00,2022-01-16 09:00:00,0 days 05:00:00,871.7430022371859
366,7,LCT,337,ASN,458,2022-01-16 05:00:00,2022-01-16 10:00:00,0 days 13:00:00,862.7573603189046
367,7,ZHL,262,GHJ,111,2022-01-16 06:00:00,2022-01-16 11:00:00,0 days 10:00:00,252.19363131816837
368,7,EZN,67,CPK,207,2022-01-16 07:00:00,2022-01-16 12:00:00,0 days 04:00:00,591.0758978905295
369,4,EJT,33,DKI,254,2022-01-16 08:00:00,2022-01-16 13:00:00,0 days 15:00:00,689.159710511784
370,2,UBR,474,JIK,316,2022-01-16 09:00:00,2022-01-16 14:00:00,0 days 05:00:00,754.8248900223091
371,7,GTK,422,DPP,199,2022-01-16 10:00:00,2022-01-16 15:00:00,0 days 09:00:00,907.83196048354
372,3,XCI,325,VZG,108,2022-01-16 11:00:00,2022-01-16 16:00:00,0 days 06:00:00,415.740922628255
373,10,NOG,471,UBU,455,2022-01-16 12:00:00,2022-01-16 17:00:00,0 days 07:00:00,934.480641975301
374,7,WBN,341,VRM,429,2022-01-16 13:00:00,2022-01-16 18:00:00,0 days 10:00:00,799.2581020039142
375,7,GNA,548,OGW,273,2022-01-16 14:00:00,2022-01-16 19:00:00,0 days 10:00:00,122.7982665131722
376,7,ZUP,391,WNF,45,2022-01-16 15:00:00,2022-01-16 20:00:00,0 days 09:00:00,862.6718307886143
377,5,GGG,345,AWJ,94,2022-01-16 16:00:00,2022-01-16 21:00:00,0 days 07:00:00,604.9170998778834
378,4,YEV,148,FHS,352,2022-01-16 17:00:00,2022-01-16 22:00:00,0 days 01:00:00,511.51606539331857
379,4,CTN,329,LUE,10,2022-01-16 18:00:00,2022-01-16 23:00:00,0 days 02:00:00,823.5813554560478
380,1,DBZ,591,VAA,598,2022-01-16 19:00:00,2022-01-17 00:00:00,0 days 11:00:00,190.6275703281812
381,9,THK,549,ARS,287,2022-01-16 20:00:00,2022-01-17 01:00:00,0 days 07:00:00,839.9917863482123
382,7,LMK,401,RHA,26,2022-01-16 21:00:00,2022-01-17 02:00:00,0 days 14:00:00,75.61447565207547
383,4,UQQ,200,BNW,406,2022-01-16 22:00:00,2022-01-17 03:00:00,0 days 03:00:00,418.29432616304507
384,4,GJV,595,KJA,333,2022-01-16 23:00:00,2022-01-17 04:00:00,0 days 03:00:00,586.513066739576
385,4,VUR,362,YMV,492,2022-01-17 00:00:00,2022-01-17 05:00:00,0 days 11:00:00,977.1525063471898
386,3,ZUW,45,HWW,561,2022-01-17 01:00:00,2022-01-17 06:00:00,0 days 07:00:00,185.02342735844857
387,5,MEY,483,ZRY,380,2022-01-17 02:00:00,2022-01-17 07:00:00,0 days 13:00:00,418.0257384910163
388,5,MUZ,309,CGG,563,2022-01-17 03:00:00,2022-01-17 08:00:00,0 days 01:00:00,291.15180651608034
389,5,QIH,559,FCQ,114,2022-01-17 04:00:00,2022-01-17 09:00:00,0 days 07:00:00,497.00642324753943
390,3,JAD,511,TDG,455,2022-01-17 05:00:00,2022-01-17 10:00:00,0 days 05:00:00,61.33565277804696
391,5,OJG,320,MIY,421,2022-01-17 06:00:00,2022-01-17 11:00:00,0 days 10:00:00,693.1337096980595
392,10,ODG,206,UZD,358,2022-01-17 07:00:00,2022-01-17 12:00:00,0 days 11:00:00,412.81147952590123
393,3,XEF,345,BTS,372,2022-01-17 08:00:00,2022-01-17 13:00:00,0 days 07:00:00,847.9578232645027
394,3,BWY,514,EFR,250,2022-01-17 09:00:00,2022-01-17 14:00:00,0 days 15:00:00,549.4857859379308
395,8,VHG,183,RZK,552,2022-01-17 10:00:00,2022-01-17 15:00:00,0 days 03:00:00,455.89513471645495
396,4,FWA,137,HMR,79,2022-01-17 11:00:00,2022-01-17 16:00:00,0 days 02:00:00,646.5205237485675
397,8,WEB,31,PZX,464,2022-01-17 12:00:00,2022-01-17 17:00:00,0 days 04:00:00,194.58783504776258
398,6,HRS,439,SRD,120,2022-01-17 13:00:00,2022-01-17 18:00:00,0 days 10:00:00,68.95204499694472
399,6,BVO,177,POC,465,2022-01-17 14:00:00,2022-01-17 19:00:00,0 days 08:00:00,885.1159679689897
400,8,MSC,188,RLQ,296,2022-01-17 15:00:00,2022-01-17 20:00:00,0 days 05:00:00,495.2526266998924
401,2,QRM,215,ZGT,42,2022-01-17 16:00:00,2022-01-17 21:00:00,0 days 10:00:00,374.40195448019847
402,6,IMR,455,PIK,139,2022-01-17 17:00:00,2022-01-17 22:00:00,0 days 08:00:00,354.9452615585522
403,1,SQD,295,YAQ,159,2022-01-17 18:00:00,2022-01-17 23:00:00,0 days 05:00:00,787.9266537138882
404,2,GSD,113,VFE,418,2022-01-17 19:00:00,2022-01-18 00:00:00,0 days 03:00:00,91.29890095837237
405,4,YXS,241,AJC,394,2022-01-17 20:00:00,2022-01-18 01:00:00,0 days 03:00:00,125.00760055354921
406,10,UYK,121,BSK,201,2022-01-17 21:00:00,2022-01-18 02:00:00,0 days 04:00:00,70.34263997369673
407,6,PRV,387,RYF,260,2022-01-17 22:00:00,2022-01-18 03:00:00,0 days 12:00:00,486.7607138669332
408,7,RBD,230,EDJ,152,2022-01-17 23:00:00,2022-01-18 04:00:00,0 days 03:00:00,802.447510479851
409,3,RYG,465,KKM,447,2022-01-18 00:00:00,2022-01-18 05:00:00,0 days 02:00:00,66.28186658409668
410,1,MIM,554,DDF,436,2022-01-18 01:00:00,2022-01-18 06:00:00,0 days 04:00:00,817.5777245903188
411,9,LON,16,IOZ,295,2022-01-18 02:00:00,2022-01-18 07:00:00,0 days 11:00:00,261.93899834680326
412,3,EHM,240,GMK,431,2022-01-18 03:00:00,2022-01-18 08:00:00,0 days 10:00:00,188.563549774751
413,6,VIS,392,ZJG,208,2022-01-18 04:00:00,2022-01-18 09:00:00,0 days 08:00:00,293.80001207249546
414,10,HIQ,227,KJD,111,2022-01-18 05:00:00,2022-01-18 10:00:00,0 days 13:00:00,586.872126942324
415,2,RIV,137,AWS,198,2022-01-18 06:00:00,2022-01-18 11:00:00,0 days 03:00:00,886.6030163969984
416,6,PRZ,182,YHT,428,2022-01-18 07:00:00,2022-01-18 12:00:00,0 days 03:00:00,419.39850136399275
417,1,THA,184,CMS,168,2022-01-18 08:00:00,2022-01-18 13:00:00,0 days 01:00:00,826.2009818316818
418,7,ANR,242,YXC,358,2022-01-18 09:00:00,2022-01-18 14:00:00,0 days 09:00:00,433.9481532801162
419,10,ARF,520,OEU,417,2022-01-18 10:00:00,2022-01-18 15:00:00,0 days 11:00:00,167.64544436731575
420,7,RZJ,377,MPV,258,2022-01-18 11:00:00,2022-01-18 16:00:00,0 days 09:00:00,204.01740425072614
421,6,ONO,495,VMM,492,2022-01-18 12:00:00,2022-01-18 17:00:00,0 days 01:00:00,923.7916185161604
422,2,TWK,426,UDK,144,2022-01-18 13:00:00,2022-01-18 18:00:00,0 days 10:00:00,694.5772649029288
423,10,GPG,58,XHO,90,2022-01-18 14:00:00,2022-01-18 19:00:00,0 days 04:00:00,855.0460416545272
424,1,UZL,536,ELC,274,2022-01-18 15:00:00,2022-01-18 20:00:00,0 days 07:00:00,469.8309354147412
425,6,WCB,146,IJP,416,2022-01-18 16:00:00,2022-01-18 21:00:00,0 days 14:00:00,827.9843036822102
426,4,JKY,152,SIJ,473,2022-01-18 17:00:00,2022-01-18 22:00:00,0 days 10:00:00,504.96135020490317
427,9,FSD,526,IWP,456,2022-01-18 18:00:00,2022-01-18 23:00:00,0 days 04:00:00,741.5740911609835
428,7,WCT,36,LKI,353,2022-01-18 19:00:00,2022-01-19 00:00:00,0 days 15:00:00,915.6602306755902
429,8,AMI,389,WPY,383,2022-01-18 20:00:00,2022-01-19 01:00:00,0 days 14:00:00,431.74534941924014
430,6,GFK,37,YGI,406,2022-01-18 21:00:00,2022-01-19 02:00:00,0 days 15:00:00,123.17891863212515
431,6,MDL,279,PVZ,469,2022-01-18 22:00:00,2022-01-19 03:00:00,0 days 06:00:00,202.59413529085887
432,10,UOC,373,OAY,244,2022-01-18 23:00:00,2022-01-19 04:00:00,0 days 11:00:00,108.74690763672051
433,3,WSX,136,IDD,194,2022-01-19 00:00:00,2022-01-19 05:00:00,0 days 13:00:00,754.2542287832285
434,3,CZK,121,DQJ,168,2022-01-19 01:00:00,2022-01-19 06:00:00,0 days 01:00:00,883.1315639409983
435,4,ZRS,575,FTI,203,2022-01-19 02:00:00,2022-01-19 07:00:00,0 days 14:00:00,840.4474378972623
436,8,PWU,167,AOZ,95,2022-01-19 03:00:00,2022-01-19 08:00:00,0 days 13:00:00,650.1239709689274
437,7,ISH,339,PQH,102,2022-01-19 04:00:00,2022-01-19 09:00:00,0 days 13:00:00,176.87099805166469
438,9,ETK,483,FCB,449,2022-01-19 05:00:00,2022-01-19 10:00:00,0 days 02:00:00,130.012456960046
439,10,KXZ,422,UGE,524,2022-01-19 06:00:00,2022-01-19 11:00:00,0 days 07:00:00,225.26167711173807
440,3,CKL,200,FMH,95,2022-01-19 07:00:00,2022-01-19 12:00:00,0 days 13:00:00,702.7486961387026
441,2,PLY,243,LOQ,552,2022-01-19 08:00:00,2022-01-19 13:00:00,0 days 13:00:00,524.0610301297065
442,6,MIO,41,FKP,472,2022-01-19 09:00:00,2022-01-19 14:00:00,0 days 14:00:00,882.0803958464436
443,3,DEA,82,BFC,151,2022-01-19 10:00:00,2022-01-19 15:00:00,0 days 04:00:00,215.55381584547803
444,6,BAR,545,IPM,588,2022-01-19 11:00:00,2022-01-19 16:00:00,0 days 15:00:00,640.748121482984
445,6,AWV,24,DHS,64,2022-01-19 12:00:00,2022-01-19 17:00:00,0 days 15:00:00,71.24253753506724
446,8,EAB,262,FTF,578,2022-01-19 13:00:00,2022-01-19 18:00:00,0 days 13:00:00,849.4960786232493
447,10,XSM,496,ZRE,79,2022-01-19 14:00:00,2022-01-19 19:00:00,0 days 05:00:00,566.5531231118861
448,3,SWM,221,JFA,135,2022-01-19 15:00:00,2022-01-19 20:00:00,0 days 14:00:00,982.3502351324861
449,7,JBE,12,XRD,591,2022-01-19 16:00:00,2022-01-19 21:00:00,0 days 15:00:00,565.4745782675124
450,1,JFS,194,DHM,24,2022-01-19 17:00:00,2022-01-19 22:00:00,0 days 12:00:00,197.33365292368805
451,10,IWC,512,SBT,372,2022-01-19 18:00:00,2022-01-19 23:00:00,0 days 06:00:00,692.9314296067945
452,2,QCD,207,WHO,424,2022-01-19 19:00:00,2022-01-20 00:00:00,0 days 03:00:00,554.8964334620246
453,10,NTT,598,LRT,366,2022-01-19 20:00:00,2022-01-20 01:00:00,0 days 08:00:00,96.00274473582513
454,3,HKE,430,CDT,289,2022-01-19 21:00:00,2022-01-20 02:00:00,0 days 09:00:00,170.35578967591135
455,4,ACT,217,IIU,160,2022-01-19 22:00:00,2022-01-20 03:00:00,0 days 08:00:00,843.8945068207709
456,2,ARE,459,XMI,233,2022-01-19 23:00:00,2022-01-20 04:00:00,0 days 14:00:00,982.9074756818937
457,9,ULX,180,UKZ,278,2022-01-20 00:00:00,2022-01-20 05:00:00,0 days 03:00:00,775.1836938946392
458,9,PJB,420,NPY,107,2022-01-20 01:00:00,2022-01-20 06:00:00,0 days 09:00:00,348.579179272813
459,5,OIF,394,VTF,113,2022-01-20 02:00:00,2022-01-20 07:00:00,0 days 14:00:00,590.0446367432277
460,5,WPG,583,IIV,546,2022-01-20 03:00:00,2022-01-20 08:00:00,0 days 14:00:00,859.8604102785059
461,6,CXW,488,MWL,492,2022-01-20 04:00:00,2022-01-20 09:00:00,0 days 01:00:00,527.42275966125
462,1,LWL,12,JET,425,2022-01-20 05:00:00,2022-01-20 10:00:00,0 days 06:00:00,319.40693095913326
463,4,DVI,205,IMM,63,2022-01-20 06:00:00,2022-01-20 11:00:00,0 days 01:00:00,462.54486931227956
464,3,CPH,325,NYI,37,2022-01-20 07:00:00,2022-01-20 12:00:00,0 days 13:00:00,828.2390167462047
465,3,CNV,363,DUF,305,2022-01-20 08:00:00,2022-01-20 13:00:00,0 days 02:00:00,172.5013427246547
466,9,WAL,314,RBB,456,2022-01-20 09:00:00,2022-01-20 14:00:00,0 days 13:00:00,52.85158896625636
467,6,NUW,132,SXQ,35,2022-01-20 10:00:00,2022-01-20 15:00:00,0 days 09:00:00,599.2382934363075
468,4,QQG,271,ZVJ,404,2022-01-20 11:00:00,2022-01-20 16:00:00,0 days 02:00:00,587.0136545012664
469,2,BPE,134,FNC,330,2022-01-20 12:00:00,2022-01-20 17:00:00,0 days 01:00:00,579.8878694929889
470,5,DFV,121,MZQ,446,2022-01-20 13:00:00,2022-01-20 18:00:00,0 days 08:00:00,847.1504754953812
471,2,OWP,467,UPE,106,2022-01-20 14:00:00,2022-01-20 19:00:00,0 days 15:00:00,678.108464671917
472,4,FZL,31,HMY,47,2022-01-20 15:00:00,2022-01-20 20:00:00,0 days 13:00:00,471.9917269663193
473,7,NMV,496,EIP,15,2022-01-20 16:00:00,2022-01-20 21:00:00,0 days 03:00:00,942.0663153181499
474,9,XET,116,PER,211,2022-01-20 17:00:00,2022-01-20 22:00:00,0 days 01:00:00,973.2618421540365
475,8,BZW,569,QNO,471,2022-01-20 18:00:00,2022-01-20 23:00:00,0 days 03:00:00,474.438043166051
476,2,FQT,176,JCT,370,2022-01-20 19:00:00,2022-01-21 00:00:00,0 days 04:00:00,175.3301437500338
477,7,LRB,208,ACJ,389,2022-01-20 20:00:00,2022-01-21 01:00:00,0 days 01:00:00,517.5207219356209
478,7,UEF,537,OEE,339,2022-01-20 21:00:00,2022-01-21 02:00:00,0 days 08:00:00,873.0502507541272
479,5,RON,598,FOK,86,2022-01-20 22:00:00,2022-01-21 03:00:00,0 days 02:00:00,434.9135677683104
480,8,RFA,87,XNJ,463,2022-01-20 23:00:00,2022-01-21 04:00:00,0 days 01:00:00,974.069553665539
481,4,CTL,26,TNF,162,2022-01-21 00:00:00,2022-01-21 05:00:00,0 days 12:00:00,270.5501918609415
482,6,MTY,177,BTH,138,2022-01-21 01:00:00,2022-01-21 06:00:00,0 days 03:00:00,501.0153484139984
483,10,JYR,192,OFW,193,2022-01-21 02:00:00,2022-01-21 07:00:00,0 days 13:00:00,653.2108383406843
484,1,YWC,594,DUR,156,2022-01-21 03:00:00,2022-01-21 08:00:00,0 days 01:00:00,562.9641469760589
485,3,CLV,50,FNV,480,2022-01-21 04:00:00,2022-01-21 09:00:00,0 days 15:00:00,522.8712483725991
486,5,DXN,145,SSL,73,2022-01-21 05:00:00,2022-01-21 10:00:00,0 days 09:00:00,624.9130895758143
487,2,NJQ,467,GVP,538,2022-01-21 06:00:00,2022-01-21 11:00:00,0 days 12:00:00,260.6202284179536
488,8,FEJ,32,CGF,543,2022-01-21 07:00:00,2022-01-21 12:00:00,0 days 07:00:00,277.2485325362388
489,9,DDO,274,XSS,165,2022-01-21 08:00:00,2022-01-21 13:00:00,0 days 11:00:00,941.3497222273238
490,5,DRI,207,KFV,32,2022-01-21 09:00:00,2022-01-21 14:00:00,0 days 09:00:00,82.00505232535755
491,7,UAU,583,AFF,365,2022-01-21 10:00:00,2022-01-21 15:00:00,0 days 10:00:00,988.1203231765562
492,8,SBA,509,RYM,550,2022-01-21 11:00:00,2022-01-21 16:00:00,0 days 14:00:00,241.06925260424438
493,4,JWN,266,JEN,89,2022-01-21 12:00:00,2022-01-21 17:00:00,0 days 10:00:00,642.1596699258176
494,9,USH,393,LZA,503,2022-01-21 13:00:00,2022-01-21 18:00:00,0 days 03:00:00,658.5705262715618
495,4,LAS,318,YKR,502,2022-01-21 14:00:00,2022-01-21 19:00:00,0 days 08:00:00,351.50057890017854
496,7,QMI,595,NNB,269,2022-01-21 15:00:00,2022-01-21 20:00:00,0 days 09:00:00,237.76327562600773
497,9,LNX,43,OHX,103,2022-01-21 16:00:00,2022-01-21 21:00:00,0 days 03:00:00,211.15753516982736
498,7,ZPJ,62,FFY,169,2022-01-21 17:00:00,2022-01-21 22:00:00,0 days 10:00:00,133.48016592237448
499,9,ZDX,317,ZRI,522,2022-01-21 18:00:00,2022-01-21 23:00:00,0 days 15:00:00,537.5305830860392
500,1,ZLN,491,CFA,176,2022-01-21 19:00:00,2022-01-22 00:00:00,0 days 06:00:00,931.6653089075365
501,6,GSA,489,BPE,389,2022-01-21 20:00:00,2022-01-22 01:00:00,0 days 14:00:00,652.4599180064467
502,7,JGM,543,ZAI,403,2022-01-21 21:00:00,2022-01-22 02:00:00,0 days 05:00:00,149.00576345373764
503,7,EHW,484,DDL,327,2022-01-21 22:00:00,2022-01-22 03:00:00,0 days 01:00:00,564.4845621334118
504,7,NKZ,310,AYL,157,2022-01-21 23:00:00,2022-01-22 04:00:00,0 days 05:00:00,554.2988848057937
505,2,DZA,286,JXY,522,2022-01-22 00:00:00,2022-01-22 05:00:00,0 days 08:00:00,353.1326090649916
506,1,BEG,488,RRU,181,2022-01-22 01:00:00,2022-01-22 06:00:00,0 days 11:00:00,640.636790385925
507,9,FTC,325,KGH,313,2022-01-22 02:00:00,2022-01-22 07:00:00,0 days 08:00:00,253.03411794391667
508,7,GZY,228,JDY,471,2022-01-22 03:00:00,2022-01-22 08:00:00,0 days 08:00:00,612.8349533665747
509,5,DZP,474,GUP,161,2022-01-22 04:00:00,2022-01-22 09:00:00,0 days 10:00:00,562.0892748446271
510,2,CSW,91,OKG,543,2022-01-22 05:00:00,2022-01-22 10:00:00,0 days 02:00:00,88.01188519363586
511,4,WXB,298,XYF,440,2022-01-22 06:00:00,2022-01-22 11:00:00,0 days 13:00:00,802.3439779339815
512,2,ZGO,474,DBT,498,2022-01-22 07:00:00,2022-01-22 12:00:00,0 days 06:00:00,570.5295047034115
513,9,RKP,492,OER,229,2022-01-22 08:00:00,2022-01-22 13:00:00,0 days 05:00:00,896.9503882509525
514,2,QCL,145,XCJ,153,2022-01-22 09:00:00,2022-01-22 14:00:00,0 days 03:00:00,963.2647099351011
515,6,DRU,366,LVQ,97,2022-01-22 10:00:00,2022-01-22 15:00:00,0 days 02:00:00,849.2880043884135
516,5,YSC,540,JSH,488,2022-01-22 11:00:00,2022-01-22 16:00:00,0 days 13:00:00,888.5914051386404
517,2,MQA,152,TYK,393,2022-01-22 12:00:00,2022-01-22 17:00:00,0 days 10:00:00,211.00093132121393
518,10,VTA,255,WXE,79,2022-01-22 13:00:00,2022-01-22 18:00:00,0 days 06:00:00,419.98297859379227
519,4,WGI,399,WKA,146,2022-01-22 14:00:00,2022-01-22 19:00:00,0 days 04:00:00,688.8123374500408
520,4,LHB,90,KAS,309,2022-01-22 15:00:00,2022-01-22 20:00:00,0 days 14:00:00,55.550257905916055
521,10,ISW,417,PKD,410,2022-01-22 16:00:00,2022-01-22 21:00:00,0 days 08:00:00,76.02727959153556
522,7,DJW,312,FSP,407,2022-01-22 17:00:00,2022-01-22 22:00:00,0 days 14:00:00,862.2590146807644
523,10,PPH,367,JIU,177,2022-01-22 18:00:00,2022-01-22 23:00:00,0 days 06:00:00,588.6736764993078
524,4,TNE,284,DUG,579,2022-01-22 19:00:00,2022-01-23 00:00:00,0 days 07:00:00,63.67076600081717
525,1,ZNP,288,UYT,304,2022-01-22 20:00:00,2022-01-23 01:00:00,0 days 08:00:00,239.9221893438462
526,2,YIQ,115,HTH,187,2022-01-22 21:00:00,2022-01-23 02:00:00,0 days 08:00:00,819.2789532519333
527,6,KOO,383,HND,249,2022-01-22 22:00:00,2022-01-23 03:00:00,0 days 06:00:00,581.5834204474894
528,2,NFL,440,REP,7,2022-01-22 23:00:00,2022-01-23 04:00:00,0 days 01:00:00,87.63744217162743
529,5,OHG,149,DUA,261,2022-01-23 00:00:00,2022-01-23 05:00:00,0 days 04:00:00,486.27715229321103
530,5,AHH,243,QHH,527,2022-01-23 01:00:00,2022-01-23 06:00:00,0 days 10:00:00,772.3715209556533
531,6,TGK,535,YCY,464,2022-01-23 02:00:00,2022-01-23 07:00:00,0 days 04:00:00,510.59671298382716
532,10,CDT,354,ELZ,576,2022-01-23 03:00:00,2022-01-23 08:00:00,0 days 09:00:00,857.7247348111026
533,3,TJB,38,OOC,373,2022-01-23 04:00:00,2022-01-23 09:00:00,0 days 05:00:00,678.7959467243354
534,7,LQH,21,NGD,375,2022-01-23 05:00:00,2022-01-23 10:00:00,0 days 14:00:00,634.5439192820678
535,1,VSA,221,HVU,409,2022-01-23 06:00:00,2022-01-23 11:00:00,0 days 10:00:00,364.6528100321742
536,8,VDR,10,SNX,369,2022-01-23 07:00:00,2022-01-23 12:00:00,0 days 11:00:00,486.17285541950935
537,1,RFT,533,LQC,62,2022-01-23 08:00:00,2022-01-23 13:00:00,0 days 14:00:00,972.5790294025851
538,6,HEC,462,CMP,230,2022-01-23 09:00:00,2022-01-23 14:00:00,0 days 11:00:00,879.6920199605596
539,10,EZT,535,PFY,52,2022-01-23 10:00:00,2022-01-23 15:00:00,0 days 09:00:00,349.9782700567123
540,9,FMW,414,FDQ,281,2022-01-23 11:00:00,2022-01-23 16:00:00,0 days 12:00:00,208.89818193410997
541,3,CWD,198,XRP,62,2022-01-23 12:00:00,2022-01-23 17:00:00,0 days 01:00:00,160.55182787402387
542,5,BZM,120,QNN,530,2022-01-23 13:00:00,2022-01-23 18:00:00,0 days 04:00:00,456.49953982541433
543,8,ZUP,149,ICK,600,2022-01-23 14:00:00,2022-01-23 19:00:00,0 days 07:00:00,591.4858756254978
544,7,FKH,107,YZJ,537,2022-01-23 15:00:00,2022-01-23 20:00:00,0 days 07:00:00,954.5018681116212
545,1,FIX,219,IVA,306,2022-01-23 16:00:00,2022-01-23 21:00:00,0 days 15:00:00,584.0027728896287
546,9,YOI,333,QHH,488,2022-01-23 17:00:00,2022-01-23 22:00:00,0 days 05:00:00,250.71044155173644
547,5,CVQ,319,KCR,542,2022-01-23 18:00:00,2022-01-23 23:00:00,0 days 02:00:00,478.4548466991911
548,7,YUS,16,PGJ,28,2022-01-23 19:00:00,2022-01-24 00:00:00,0 days 13:00:00,785.2454998515633
549,5,IIV,490,NHG,496,2022-01-23 20:00:00,2022-01-24 01:00:00,0 days 08:00:00,285.3326246407814
550,5,IXA,181,LTW,511,2022-01-23 21:00:00,2022-01-24 02:00:00,0 days 07:00:00,957.8619153324504
551,6,ROT,485,IDV,48,2022-01-23 22:00:00,2022-01-24 03:00:00,0 days 09:00:00,387.477451516484
552,4,OSP,20,MGK,375,2022-01-23 23:00:00,2022-01-24 04:00:00,0 days 15:00:00,742.1851197544926
553,9,VNL,526,TMW,154,2022-01-24 00:00:00,2022-01-24 05:00:00,0 days 06:00:00,706.6412063859124
554,3,XDW,27,KZV,309,2022-01-24 01:00:00,2022-01-24 06:00:00,0 days 11:00:00,172.02542187940526
555,7,PJB,250,XSB,475,2022-01-24 02:00:00,2022-01-24 07:00:00,0 days 13:00:00,345.4459306687964
556,6,SZG,257,AHH,95,2022-01-24 03:00:00,2022-01-24 08:00:00,0 days 15:00:00,408.66111808519315
557,9,MDF,538,KEY,382,2022-01-24 04:00:00,2022-01-24 09:00:00,0 days 14:00:00,714.2787168010611
558,4,ZIW,49,XUU,211,2022-01-24 05:00:00,2022-01-24 10:00:00,0 days 04:00:00,939.9746930950404
559,6,EKO,258,BHA,137,2022-01-24 06:00:00,2022-01-24 11:00:00,0 days 12:00:00,473.17727626979683
560,10,CST,480,BFA,114,2022-01-24 07:00:00,2022-01-24 12:00:00,0 days 02:00:00,688.1398144442644
561,9,VHL,424,OEH,543,2022-01-24 08:00:00,2022-01-24 13:00:00,0 days 03:00:00,170.53292462501483
562,6,BZR,422,ZRV,27,2022-01-24 09:00:00,2022-01-24 14:00:00,0 days 13:00:00,286.12037996241935
563,3,WKN,384,GGZ,356,2022-01-24 10:00:00,2022-01-24 15:00:00,0 days 14:00:00,856.2353218717705
564,3,IRE,73,IUC,298,2022-01-24 11:00:00,2022-01-24 16:00:00,0 days 13:00:00,822.8332849921313
565,2,TTW,306,KYI,190,2022-01-24 12:00:00,2022-01-24 17:00:00,0 days 12:00:00,949.8970508809826
566,9,VKF,379,LVJ,23,2022-01-24 13:00:00,2022-01-24 18:00:00,0 days 01:00:00,184.56025703265126
567,4,TXP,15,SEY,514,2022-01-24 14:00:00,2022-01-24 19:00:00,0 days 01:00:00,298.3165537197998
568,3,KBL,316,OQC,356,2022-01-24 15:00:00,2022-01-24 20:00:00,0 days 14:00:00,251.16262375682876
569,4,ESA,317,YRU,448,2022-01-24 16:00:00,2022-01-24 21:00:00,0 days 10:00:00,518.3779325872827
570,1,FIL,213,LGQ,129,2022-01-24 17:00:00,2022-01-24 22:00:00,0 days 09:00:00,801.0212235384515
571,2,GSL,599,CJL,42,2022-01-24 18:00:00,2022-01-24 23:00:00,0 days 03:00:00,475.68781052233817
572,5,CPD,216,CAD,7,2022-01-24 19:00:00,2022-01-25 00:00:00,0 days 13:00:00,652.8845042895331
573,4,SZD,183,BSO,489,2022-01-24 20:00:00,2022-01-25 01:00:00,0 days 03:00:00,698.3198175964718
574,5,RTA,530,LKO,524,2022-01-24 21:00:00,2022-01-25 02:00:00,0 days 08:00:00,919.1957264018451
575,8,ZGN,436,BZJ,71,2022-01-24 22:00:00,2022-01-25 03:00:00,0 days 13:00:00,356.2999224210393
576,8,GAR,210,STI,438,2022-01-24 23:00:00,2022-01-25 04:00:00,0 days 01:00:00,308.14863757765073
577,8,SAZ,120,ZPT,560,2022-01-25 00:00:00,2022-01-25 05:00:00,0 days 03:00:00,971.7300693551852
578,3,TYI,294,VAZ,98,2022-01-25 01:00:00,2022-01-25 06:00:00,0 days 11:00:00,958.5088771882224
579,7,BYZ,513,QNX,582,2022-01-25 02:00:00,2022-01-25 07:00:00,0 days 14:00:00,665.7093881244092
580,2,JCN,138,EOW,363,2022-01-25 03:00:00,2022-01-25 08:00:00,0 days 02:00:00,258.47324695847885
581,6,IVA,66,UMS,473,2022-01-25 04:00:00,2022-01-25 09:00:00,0 days 01:00:00,80.58484614262686
582,9,DGI,279,HWE,204,2022-01-25 05:00:00,2022-01-25 10:00:00,0 days 13:00:00,833.7356025526171
583,7,LPB,311,MHB,569,2022-01-25 06:00:00,2022-01-25 11:00:00,0 days 03:00:00,86.17338141354102
584,4,EDH,327,UZK,121,2022-01-25 07:00:00,2022-01-25 12:00:00,0 days 10:00:00,168.09509502544176
585,2,XAN,286,PPI,570,2022-01-25 08:00:00,2022-01-25 13:00:00,0 days 05:00:00,458.82077361373746
586,8,GRH,43,AQT,48,2022-01-25 09:00:00,2022-01-25 14:00:00,0 days 08:00:00,422.5607382586764
587,1,EKP,410,FZW,452,2022-01-25 10:00:00,2022-01-25 15:00:00,0 days 01:00:00,948.8935265463342
588,3,OZS,172,TPE,290,2022-01-25 11:00:00,2022-01-25 16:00:00,0 days 15:00:00,90.41018522095342
589,9,OGX,418,TKS,576,2022-01-25 12:00:00,2022-01-25 17:00:00,0 days 02:00:00,259.80755417205853
590,9,KQS,503,JTW,431,2022-01-25 13:00:00,2022-01-25 18:00:00,0 days 06:00:00,458.73916885113425
591,1,URW,209,BVO,6,2022-01-25 14:00:00,2022-01-25 19:00:00,0 days 01:00:00,776.8631191435151
592,1,MQY,407,WRS,492,2022-01-25 15:00:00,2022-01-25 20:00:00,0 days 15:00:00,576.5456762526308
593,6,VPV,358,NYA,517,2022-01-25 16:00:00,2022-01-25 21:00:00,0 days 11:00:00,337.9961648050558
594,1,BSJ,370,SWA,545,2022-01-25 17:00:00,2022-01-25 22:00:00,0 days 03:00:00,171.7354626839915
595,8,BRF,288,SWR,268,2022-01-25 18:00:00,2022-01-25 23:00:00,0 days 13:00:00,901.1097097964475
596,3,BKN,148,WRE,206,2022-01-25 19:00:00,2022-01-26 00:00:00,0 days 07:00:00,273.8821366692624
597,6,JLM,230,YNV,454,2022-01-25 20:00:00,2022-01-26 01:00:00,0 days 14:00:00,695.7566046302295
598,6,WAB,311,BWJ,324,2022-01-25 21:00:00,2022-01-26 02:00:00,0 days 12:00:00,270.8739810594319
599,10,ZGN,511,MQE,478,2022-01-25 22:00:00,2022-01-26 03:00:00,0 days 08:00:00,244.6448594734796
600,7,XKC,142,PWM,484,2022-01-25 23:00:00,2022-01-26 04:00:00,0 days 15:00:00,957.6272548847583
